"animalFk","ownersFk"
1,524
2,68
2,197
3,349
4,486
5,102
6,826
7,255
8,45
9,145
10,172
11,905
11,379
11,27
12,907
13,768
14,989
14,781
14,98
15,454
16,903
17,326
17,216
18,361
18,422
18,33
19,593
20,187
21,315
22,10
23,945
24,515
25,756
26,889
27,123
27,287
28,386
29,993
29,879
30,541
31,369
31,177
32,858
33,305
34,532
35,220
36,703
37,353
38,969
39,630
40,504
41,13
42,700
42,749
42,953
43,426
43,208
43,920
43,5
44,891
45,765
46,509
47,522
47,365
47,55
48,859
49,831
50,847
51,104
52,591
52,892
53,40
54,237
55,723
55,682
55,564
55,167
56,263
57,37
58,933
59,257
60,587
61,995
62,798
62,596
63,849
64,557
64,641
65,359
66,870
66,938
67,592
67,226
68,510
69,107
70,760
71,795
72,444
73,171
74,352
74,505
75,735
75,331
76,659
76,388
77,54
78,64
79,519
80,247
81,443
82,232
82,859
82,842
83,984
84,957
85,944
86,714
87,947
88,293
88,701
88,456
88,836
89,968
89,549
90,755
91,622
91,103
92,902
93,426
94,641
95,856
96,485
97,606
97,876
98,881
99,40
100,654
101,215
102,784
103,801
104,831
104,406
105,57
105,939
106,74
107,627
108,654
109,486
110,352
110,856
111,492
112,419
113,843
114,889
115,545
116,869
117,408
117,201
118,486
119,281
119,156
120,564
120,283
121,318
122,476
123,183
124,522
125,485
126,311
127,569
127,224
127,285
128,784
129,840
130,785
130,871
131,989
132,790
133,806
134,581
135,656
136,770
136,795
137,34
138,621
139,651
140,901
140,883
141,511
142,449
142,848
142,458
143,827
143,488
144,22
144,158
145,32
146,373
147,309
148,918
149,68
149,35
150,875
151,875
151,388
152,5
153,403
153,47
153,902
154,856
155,331
156,188
157,776
158,396
159,217
160,924
161,376
162,465
162,885
163,119
163,988
163,861
164,24
164,376
164,564
165,769
166,315
167,255
167,883
167,105
168,152
169,408
170,785
171,283
172,483
173,291
174,888
175,256
176,308
177,704
178,99
179,685
180,717
180,321
180,574
181,866
181,558
182,923
183,811
184,45
185,56
186,309
186,572
187,335
187,47
187,655
188,11
189,149
190,114
191,105
192,927
193,705
194,117
194,407
195,258
196,781
197,296
198,762
199,813
200,922
201,311
202,355
203,669
204,320
204,300
205,758
206,906
207,973
208,303
208,479
209,17
210,297
211,264
212,129
213,806
214,3
215,347
216,511
217,982
217,769
218,858
219,979
220,331
221,577
222,818
223,983
223,576
224,586
224,293
224,292
224,692
225,621
226,498
226,52
227,375
228,818
228,910
229,172
229,553
230,745
231,866
232,16
233,1000
234,33
234,926
235,944
235,365
236,575
237,991
238,499
238,233
239,438
239,446
240,737
240,319
241,678
242,845
243,720
244,490
245,185
246,645
247,931
248,932
249,751
249,680
250,184
251,244
251,696
252,216
253,253
254,621
255,549
256,755
257,108
257,460
257,456
258,650
259,630
260,323
261,194
262,773
263,163
264,92
264,726
265,857
266,494
267,29
268,597
269,852
270,145
270,383
270,477
271,691
272,944
272,506
273,136
274,784
275,739
276,488
277,435
278,881
279,636
280,974
281,817
282,562
283,323
284,851
285,126
286,531
287,428
288,101
289,55
290,960
291,823
292,838
293,94
294,217
295,843
296,187
296,740
296,974
297,517
298,673
298,837
299,407
299,731
299,161
299,247
299,230
299,459
300,584
301,75
302,333
303,838
303,320
304,472
305,961
306,820
307,649
308,288
309,119
309,576
310,593
311,283
311,504
312,719
312,979
312,837
313,698
314,40
315,320
316,349
317,335
318,503
319,476
320,834
320,295
321,722
322,797
322,723
323,798
324,430
325,740
326,604
327,478
328,917
329,794
329,794
330,542
331,933
331,240
332,349
332,575
333,11
333,401
334,13
335,820
336,305
337,152
337,937
338,102
339,95
340,829
340,924
341,882
341,460
342,687
343,928
344,778
345,914
346,47
347,981
348,97
349,278
350,900
351,14
352,929
353,221
354,289
354,674
354,413
355,414
356,932
356,407
357,625
358,58
358,734
359,123
360,940
361,677
362,651
362,611
363,281
364,841
365,995
365,100
365,836
366,357
367,518
368,96
369,580
370,693
370,786
371,466
372,803
373,872
374,548
375,295
376,276
377,526
377,658
378,597
379,443
380,320
381,786
382,258
383,126
383,127
383,876
384,851
385,698
386,124
386,434
387,913
388,691
389,408
390,708
390,144
391,392
392,231
393,507
394,712
394,211
394,870
395,793
395,863
396,815
396,847
397,946
398,782
399,836
400,803
400,703
401,371
401,652
402,669
402,627
403,122
404,89
404,391
404,733
405,309
406,59
407,413
408,974
409,683
410,52
411,921
412,500
413,132
413,78
414,936
415,1
416,724
417,431
418,273
418,942
419,657
419,169
420,898
421,353
422,662
423,138
424,121
425,890
426,800
427,721
428,363
429,990
430,895
431,700
432,265
432,450
433,275
434,302
435,1
436,179
436,5
436,574
436,567
437,162
437,470
438,701
439,263
440,583
441,604
441,694
441,696
442,347
443,183
444,465
444,153
445,644
445,507
446,80
447,423
448,103
449,847
450,403
451,294
452,480
453,785
454,656
454,748
454,868
455,349
456,627
457,543
458,912
458,456
459,780
460,668
461,896
462,626
463,840
464,302
464,275
465,155
466,715
466,786
467,482
468,823
469,882
470,590
471,623
472,94
473,638
474,498
474,90
475,624
476,812
477,378
478,123
479,520
480,150
481,374
482,880
483,235
484,2
485,667
486,161
487,942
488,357
488,394
489,294
490,242
491,752
491,149
492,298
492,324
492,3
493,39
494,960
495,745
496,937
497,734
497,544
498,583
499,449
500,780
501,675
502,768
502,237
502,450
503,357
503,451
504,239
504,778
504,90
505,36
506,270
507,379
508,463
509,188
510,503
511,247
512,953
513,521
514,273
514,208
515,842
516,198
517,962
518,742
519,637
519,811
520,359
521,39
522,292
523,306
523,818
523,419
524,99
524,652
525,905
526,169
527,129
528,158
529,318
530,217
530,546
531,441
532,927
532,282
533,434
534,824
535,55
536,705
537,191
538,187
539,406
540,137
540,981
541,149
542,923
542,284
543,348
544,577
545,94
546,434
546,945
547,770
548,583
548,605
549,500
550,189
551,441
551,112
552,506
553,438
553,249
554,940
554,132
555,161
555,985
556,147
557,427
558,405
559,959
560,600
560,30
561,545
562,786
562,723
563,456
563,868
563,193
564,959
565,827
566,230
567,441
567,710
568,482
569,798
569,365
570,963
571,196
572,843
572,27
573,727
574,490
575,689
576,456
576,247
577,952
578,970
578,624
579,896
580,111
581,493
582,536
583,128
584,701
585,789
586,985
586,440
587,577
588,512
588,528
589,583
590,170
591,437
591,724
591,228
591,680
591,241
592,806
593,977
594,240
595,262
596,365
597,566
598,840
598,963
598,19
599,380
600,113
601,790
602,432
603,579
604,731
605,402
606,259
607,305
608,461
609,594
610,235
611,251
612,375
612,358
612,732
613,215
613,254
613,418
613,164
614,316
615,377
615,269
616,398
617,502
618,189
619,206
620,990
621,906
622,838
623,895
624,72
625,396
626,217
626,95
627,211
628,182
629,78
629,688
630,533
631,252
632,133
632,487
633,337
633,871
634,794
635,488
635,624
635,751
636,200
637,44
638,548
639,634
639,902
639,611
640,973
641,264
642,258
643,706
643,323
643,772
644,252
645,627
646,482
647,699
648,989
649,149
650,660
651,364
651,33
651,707
652,177
652,491
653,731
653,676
654,746
655,703
656,725
657,32
658,181
659,121
660,259
661,440
662,801
663,823
664,671
665,744
666,682
667,724
667,627
668,415
668,553
669,383
670,54
671,603
672,425
672,477
673,178
674,503
675,882
675,538
675,344
676,377
676,405
676,312
677,332
678,756
678,29
679,633
680,539
681,58
681,885
682,683
683,233
684,790
685,899
686,872
687,620
688,32
689,364
690,398
691,260
692,541
693,583
694,739
695,459
696,289
697,918
698,455
699,931
699,321
699,482
700,438
700,257
701,160
702,954
703,702
704,586
704,855
704,54
705,123
706,521
707,642
707,278
708,533
709,462
710,271
711,947
712,671
713,228
713,632
714,411
715,564
716,69
717,224
717,729
718,782
719,505
720,766
720,993
721,582
722,579
723,114
724,74
725,388
726,489
727,281
728,487
728,374
729,837
730,352
731,125
732,858
733,787
734,203
735,561
735,964
735,583
736,271
736,700
737,446
738,777
738,147
738,192
738,431
739,246
739,94
739,893
740,66
741,197
742,706
742,808
743,369
744,984
745,151
746,735
747,33
748,724
749,177
750,410
750,667
751,268
751,15
751,431
752,906
753,840
754,946
755,14
756,671
757,789
758,999
759,367
760,881
760,372
761,351
762,528
762,15
763,832
764,207
765,851
765,166
766,281
767,810
768,136
769,673
770,28
771,492
771,760
772,865
773,815
774,782
774,443
775,308
776,141
776,334
777,810
777,265
777,815
778,648
779,107
780,628
780,276
781,828
782,863
782,854
783,467
784,240
785,935
785,653
785,909
786,997
787,716
788,97
789,677
789,831
790,404
791,62
791,951
792,332
793,421
794,444
795,115
796,363
797,273
797,153
798,47
799,727
799,65
799,802
800,714
801,876
802,779
802,30
803,545
804,768
805,812
806,300
807,436
808,54
809,499
809,538
809,228
810,16
810,153
810,478
810,767
811,799
812,167
813,920
814,761
815,171
815,266
816,800
817,394
818,26
818,182
819,826
820,30
821,860
822,446
823,881
824,878
825,348
826,357
827,180
828,273
829,149
830,923
831,391
832,694
832,383
832,872
833,456
834,994
835,181
836,954
837,423
838,736
839,398
840,585
841,205
842,22
842,323
843,467
844,835
845,596
846,785
847,589
848,947
849,444
849,14
850,972
851,309
852,511
853,129
853,966
853,143
854,795
855,983
855,293
856,882
857,819
858,843
859,119
859,116
859,236
860,45
861,162
862,723
863,549
864,418
865,656
865,861
866,313
867,463
867,441
868,82
869,532
870,860
871,130
872,477
873,147
874,658
875,397
876,387
876,443
877,842
877,107
877,846
877,559
878,51
879,9
880,771
880,21
881,966
882,350
883,287
884,415
885,981
885,933
886,307
887,492
887,464
888,331
889,891
890,619
891,886
892,716
893,550
894,382
895,801
896,925
896,975
897,95
897,688
898,684
898,500
899,24
900,259
900,93
901,737
901,693
902,628
902,627
903,729
904,631
905,327
905,119
905,255
906,443
907,969
907,806
907,717
908,381
909,416
909,768
910,462
911,731
912,689
913,932
914,286
915,934
916,41
917,585
917,861
918,95
919,933
919,498
920,426
921,392
921,277
922,287
922,464
923,115
924,681
925,501
926,657
927,870
928,621
929,697
930,438
931,59
932,415
933,538
934,287
935,294
936,845
937,788
938,737
939,856
939,237
940,472
941,754
942,958
943,574
944,228
945,212
945,363
946,434
946,314
947,917
948,381
949,689
950,473
950,529
951,633
951,19
951,431
952,958
953,386
953,392
953,575
954,72
955,612
955,922
956,100
957,654
958,357
959,215
960,103
961,752
962,756
962,603
963,397
964,164
965,148
966,535
966,616
967,241
967,255
968,868
969,976
969,330
970,644
971,727
972,986
973,420
974,334
975,254
976,73
977,692
978,99
979,565
980,704
980,202
981,548
982,282
982,751
983,491
983,394
984,242
984,306
985,830
985,739
986,568
986,891
986,525
987,945
988,38
989,759
989,797
989,663
989,208
990,129
991,606
992,680
993,883
994,161
994,687
994,80
994,117
994,467
995,571
996,317
997,908
998,43
999,657
1000,456
